Company Name,Website,Description,Categories,Location,Employee Count,Funding Stage,Total Funding,Last Funding Date,Last Funding Amount,Investors,Founder Name,Founder Email,Founder LinkedIn,Founder Title,Company LinkedIn,Company Twitter
Delve,,,"Artificial Intelligence (AI), Compliance, SaaS, Software",,c_00001_00010,,,,,,,,,,,
Strada,,,"Artificial Intelligence (AI), B2B, Insurance, SaaS, Software",,c_00011_00050,,,,,,,,,,,
Noma Security,,,"Artificial Intelligence (AI), Cyber Security, Network Security, Security",,c_00011_00050,,,,,,,,,,,
Tether,,,"CleanTech, Electric Vehicle, Energy Storage, Renewable Energy, SaaS, Software",,c_00001_00010,,,,,,,,,,,
Dot Ai,,,"Consulting, Cyber Security, Finance, Information Technology, Venture Capital",,c_00001_00010,,,,,,,,,,,
Mutiny,,,"Advertising, Artificial Intelligence (AI), B2B, Machine Learning, Marketing, Personalization, SaaS",,c_00051_00100,,,,,,,,,,,
Auditoria.AI,,,"Artificial Intelligence (AI), Finance, FinTech, Machine Learning, SaaS, Software",,c_00051_00100,,,,,,,,,,,
Hue,,,"E-Commerce, E-Commerce Platforms, SaaS, Software",,c_00001_00010,,,,,,,,,,,
Dux,,,"Cyber Security, SaaS, Software",,c_00011_00050,,,,,,,,,,,
Camber,,,"Data Integration, Enterprise Software, Health Care, InsurTech, Payments, SaaS, Software",,c_00011_00050,,,,,,,,,,,
EVE,,,"Analytics, CleanTech, Fleet Management, Logistics, SaaS",,c_00001_00010,,,,,,,,,,,
Credo AI,,,"Artificial Intelligence (AI), Machine Learning, SaaS",,c_00011_00050,,,,,,,,,,,
Unframe,,,"Artificial Intelligence (AI), SaaS, Software",,c_00051_00100,,,,,,,,,,,
Goldcast,,,"Enterprise Software, Event Management, SaaS",,c_00051_00100,,,,,,,,,,,
Osmos,,,"Analytics, Big Data, Data Integration, Enterprise Software, SaaS",,c_00011_00050,,,,,,,,,,,
OpenEvidence,,,"Artificial Intelligence (AI), Clinical Trials, Medical, SaaS",,c_00011_00050,,,,,,,,,,,
FriendliAI,,,"Artificial Intelligence (AI), Generative AI, Information Technology, Internet, SaaS, Software",,c_00011_00050,,,,,,,,,,,
Kumo.AI,,,"Artificial Intelligence (AI), Big Data, Business Intelligence, Machine Learning, SaaS",,c_00051_00100,,,,,,,,,,,
Trestle,,,"Construction, Information Technology, Procurement, SaaS",,c_00001_00010,,,,,,,,,,,
Flow,,,"Data Integration, Finance, Financial Services, FinTech, Impact Investing, Infrastructure, SaaS, Venture Capital",,c_00011_00050,,,,,,,,,,,
Solstice,,,"Clean Energy, CleanTech, Energy, SaaS, Solar",,c_00011_00050,,,,,,,,,,,
reprai,,,"Artificial Intelligence (AI), Information Services, Pharmaceutical, Sales Enablement, Software",,c_00001_00010,,,,,,,,,,,
Fluence,,,"Artificial Intelligence (AI), Enterprise Software, Machine Learning, SaaS",,c_00001_00010,,,,,,,,,,,
Trio,,,"Artificial Intelligence (AI), Asset Management, Cloud Security, Compliance, Education, Enterprise Software, Health Care, Information Technology, Mobile Devices, SaaS",,c_00011_00050,,,,,,,,,,,
Bedrock Data,,,"Artificial Intelligence (AI), Big Data, Cloud Management, Cloud Security, Cyber Security, Data Governance, Information Technology, Security",,c_00011_00050,,,,,,,,,,,
Wenrix,,,"Artificial Intelligence (AI), Information Technology, Machine Learning, SaaS, Software, Travel",,c_00051_00100,,,,,,,,,,,
Champ,,,"SaaS, Software",,c_00051_00100,,,,,,,,,,,
Traini,,,"Artificial Intelligence (AI), Education, Generative AI, Health Care, Internet, Lifestyle, Pet, SaaS, Software, Training",,c_00011_00050,,,,,,,,,,,
Rillet,,,"Accounting, Artificial Intelligence (AI), Enterprise Resource Planning (ERP), Finance, Financial Services, FinTech, SaaS",,c_00011_00050,,,,,,,,,,,
Firecrawl,,,"Artificial Intelligence (AI), Developer APIs, SaaS, Web Development",,c_00001_00010,,,,,,,,,,,
RentRedi,,,"Apps, Property Management, Rental Property, SaaS, Software",,c_00011_00050,,,,,,,,,,,
Paragon,,,"Data Center Automation, Data Integration, Developer APIs, Productivity Tools, SaaS",,c_00011_00050,,,,,,,,,,,
Qolab,,,"Information Technology, SaaS, Semiconductor, Software",,c_00011_00050,,,,,,,,,,,
Subject,,,"E-Learning, EdTech, Media and Entertainment, SaaS",,c_00011_00050,,,,,,,,,,,
Ethena,,,"Compliance, E-Learning, Human Resources, SaaS",,c_00051_00100,,,,,,,,,,,
Cybeats Technologies,,,"Cyber Security, Internet of Things, SaaS, Software, Supply Chain Management",,c_00011_00050,,,,,,,,,,,
Pipe17,,,"Cloud Infrastructure, Data Integration, SaaS, Software",,c_00051_00100,,,,,,,,,,,
Opal Security,,,"Cloud Security, Cyber Security, Information Technology, Software",,c_00011_00050,,,,,,,,,,,
Momentum,,,"B2B, Information Services, Professional Services, SaaS, Sales Automation, Software",,c_00051_00100,,,,,,,,,,,
Binti,,,"GovTech, SaaS, Software, Underserved Children",,c_00011_00050,,,,,,,,,,,
Seraphic Security,,,"Browser Extensions, Cyber Security, Enterprise, Enterprise Applications, Enterprise Software, Information Services, Information Technology, Software, Web Browsers",,c_00011_00050,,,,,,,,,,,
CRED,,,"Artificial Intelligence (AI), B2B, CRM, Marketing Automation, Media and Entertainment, Predictive Analytics, SaaS, Sales Automation, Sports",,c_00011_00050,,,,,,,,,,,
Aiwyn,,,"Accounting, Business Process Automation (BPA), FinTech, SaaS, Software",,c_00011_00050,,,,,,,,,,,
Attio,,,"Artificial Intelligence (AI), CRM, Information Technology, SaaS, Software",,c_00051_00100,,,,,,,,,,,
Dedalus Labs,,,"Artificial Intelligence (AI), Developer Tools, DevOps, SaaS, Software",,c_00001_00010,,,,,,,,,,,
Dazzle AI,,,"Artificial Intelligence (AI), SaaS, Virtual Assistant",,c_00011_00050,,,,,,,,,,,
ProsperOps,,,"DevOps, Financial Services, FinTech, Health Care, Information Technology, Internet, Professional Services, Retail, SaaS, Software",,c_00051_00100,,,,,,,,,,,
Alembic,,,"Big Data, Business Intelligence, Marketing, Predictive Analytics, SaaS",,c_00011_00050,,,,,,,,,,,
K1x,,,Information Technology,,c_00051_00100,,,,,,,,,,,
MercuryAi,,,"Advertising, Chatbot, Generative AI, Information Technology, Infrastructure, Intelligent Systems, IT Infrastructure, Marketing, SaaS, Software",,c_00051_00100,,,,,,,,,,,
Aclarion,,,"Health Care, Medical, Medical Device, Therapeutics",,c_00011_00050,,,,,,,,,,,
Lyzr,,,"Apps, Artificial Intelligence (AI), Enterprise Applications, Enterprise Software, Generative AI, Information Technology, Language Learning, Machine Learning, Open Source, SaaS",,c_00011_00050,,,,,,,,,,,
SGNL,,,"Cloud Infrastructure, Cloud Management, Identity Management, SaaS",,c_00011_00050,,,,,,,,,,,
Atomicwork,,,"Human Resources, Information Technology, Internet, SaaS",,c_00051_00100,,,,,,,,,,,
Luminary Cloud,,,"Analytics, Artificial Intelligence (AI), Information Technology, SaaS",,c_00051_00100,,,,,,,,,,,
Major League Trading®,,,"Blockchain, Cryptocurrency, EdTech, eSports, FinTech, Foreign Exchange Trading, Gaming, Trading Platform, Web3",,c_00011_00050,,,,,,,,,,,
Sotira,,,"B2B, E-Commerce, FinTech, Logistics, Price Comparison, Retail, SaaS, Software, Supply Chain Management",,c_00001_00010,,,,,,,,,,,
LiveFlow,,,"Accounting, Financial Services, FinTech, SaaS",,c_00011_00050,,,,,,,,,,,
Hardline,,,"Construction, Mobile Apps, PropTech, SaaS",,c_00001_00010,,,,,,,,,,,
Flip CX,,,"Artificial Intelligence (AI), Customer Service, E-Commerce Platforms, SaaS, Software",,c_00011_00050,,,,,,,,,,,
Govstream.ai,,,"Artificial Intelligence (AI), GovTech, SaaS, Software",,c_00001_00010,,,,,,,,,,,
Databento,,,"Cloud Data Services, Financial Services, FinTech, Information Services, Information Technology, Market Research, Software",,c_00011_00050,,,,,,,,,,,
nue.io,,,"Business Development, Direct Sales, Software",,c_00051_00100,,,,,,,,,,,
BriefCatch,,,"Artificial Intelligence (AI), Document Management, Legal Tech, SaaS",,c_00011_00050,,,,,,,,,,,
DigitalXForce,,,"Cyber Security, SaaS",,c_00051_00100,,,,,,,,,,,
TENEX.AI,,,"Artificial Intelligence (AI), Cyber Security, Network Security, SaaS",,c_00051_00100,,,,,,,,,,,
Pluto,,,"B2B, Banking, Financial Services, FinTech, Information Technology, Procurement, SaaS, Software",,c_00051_00100,,,,,,,,,,,
CREWASIS,,,"Analytics, Artificial Intelligence (AI), Brand Marketing, Database, Information Services, Marketing, Marketing Automation, SaaS",,c_00011_00050,,,,,,,,,,,
StackHawk,,,"Developer APIs, Developer Tools, DevOps, SaaS, Security, Software",,c_00011_00050,,,,,,,,,,,
Reco,,,"Artificial Intelligence (AI), Cyber Security, Generative AI, SaaS",,c_00051_00100,,,,,,,,,,,
Haut.AI,,,"Artificial Intelligence (AI), Beauty, Cosmetics, E-Commerce, Information Technology, Machine Learning, Retail, SaaS, Software",,c_00011_00050,,,,,,,,,,,
Nudge Security,,,"Cyber Security, Information Technology, Network Security",,c_00011_00050,,,,,,,,,,,
Codegen,,,"Artificial Intelligence (AI), SaaS, Software Engineering",,c_00011_00050,,,,,,,,,,,
Liberate Innovations,,,"Information Technology, InsurTech, SaaS, Software",,c_00011_00050,,,,,,,,,,,
Embrace,,,"Analytics, Developer Tools, Enterprise Software, Information Technology, Mobile Apps, Open Source, Productivity Tools, SaaS, Software",,c_00051_00100,,,,,,,,,,,
Rad Security,,,"Artificial Intelligence (AI), Event Management, Information Technology, IT Infrastructure, SaaS",,c_00011_00050,,,,,,,,,,,
BizzTech,,,"3D Technology, Artificial Intelligence (AI), B2B, SaaS, Software",,c_00011_00050,,,,,,,,,,,
Logicbroker,,,"E-Commerce, Internet, Marketplace, SaaS, Software",,c_00051_00100,,,,,,,,,,,
BeyondTrucks,,,"Finance, Fleet Management, Logistics, Operating Systems, SaaS, Transportation",,c_00051_00100,,,,,,,,,,,
Aster,,,"Health Care, Medical, SaaS",,c_00001_00010,,,,,,,,,,,
Orchid Security,,,"Cyber Security, Identity Management, SaaS",,c_00051_00100,,,,,,,,,,,
Tabnine,,,"Artificial Intelligence (AI), Developer Tools, Generative AI, SaaS, Search Engine, Software",,c_00051_00100,,,,,,,,,,,
Rencore,,,"Artificial Intelligence (AI), Cloud Management, Information Technology, SaaS, Software",,c_00051_00100,,,,,,,,,,,
Corsha,,,"Cloud Security, Cyber Security, SaaS, Security",,c_00011_00050,,,,,,,,,,,
Omni,,,"Artificial Intelligence (AI), Business Intelligence, Information Technology, SaaS, Software",,c_00051_00100,,,,,,,,,,,
OnRamp,,,"B2B, Enterprise Software, SaaS, Software",,c_00011_00050,,,,,,,,,,,
HeyMilo,,,"Artificial Intelligence (AI), Generative AI, Recruiting, SaaS",,c_00001_00010,,,,,,,,,,,
Opus,,,"SaaS, Software, Training",,c_00011_00050,,,,,,,,,,,
Endra,,,"3D Technology, Artificial Intelligence (AI), Heating, Ventilation, and Air Conditioning (HVAC), SaaS",,c_00001_00010,,,,,,,,,,,
Avo,,,"Analytics, Big Data, Business Intelligence, Data Storage, Database, Developer APIs, Developer Tools, Enterprise Software, Events, SaaS",,c_00011_00050,,,,,,,,,,,
SmartMoving,,,"SaaS, Software",,c_00011_00050,,,,,,,,,,,
SportAI,,,"Computer Vision, Information Technology, Machine Learning, Software, Sports",,c_00001_00010,,,,,,,,,,,
Ember,,,"Accounting, Financial Services, FinTech, Machine Learning, SaaS",,c_00011_00050,,,,,,,,,,,
PvX Partners,,,"Consumer Applications, Financial Services, FinTech, Gaming, SaaS",,c_00001_00010,,,,,,,,,,,
FinbotsAI,,,"Ad Targeting, Artificial Intelligence (AI), Credit Bureau, Generative AI, Marketing Automation, Micro Lending, Predictive Analytics, SaaS",,c_00011_00050,,,,,,,,,,,
Teambridge,,,"Artificial Intelligence (AI), Business Process Automation (BPA), Human Resources, SaaS, Scheduling, Software",,c_00051_00100,,,,,,,,,,,
Granola,,,"Artificial Intelligence (AI), Meeting Software, SaaS, Software",,c_00011_00050,,,,,,,,,,,
Tabs,,,"Accounting, Artificial Intelligence (AI), Enterprise Software, FinTech, SaaS, Software",,c_00051_00100,,,,,,,,,,,
Isaacus,,,"Artificial Intelligence (AI), Legal, Legal Tech, Machine Learning, SaaS",,c_00001_00010,,,,,,,,,,,
Halo Ai,,,"Artificial Intelligence (AI), Risk Management, SaaS, Software, Supply Chain Management",,c_00011_00050,,,,,,,,,,,
